{"cameraMode":{"drawMode":0,"name":"Shaded","section":"Shading Mode"},"sceneLighting":true,"audioPlay":false,"sceneViewState":{"m_AlwaysRefresh":false,"showFog":true,"showSkybox":true,"showFlares":true,"showImageEffects":true,"showParticleSystems":true,"showVisualEffectGraphs":true,"m_FxEnabled":true},"in2DMode":false,"pivot":{"x":2.1949167251586916,"y":1.7485692501068116,"z":1.1846376657485963},"rotation":{"x":0.14496704936027528,"y":-0.5737122297286987,"z":0.10404086858034134,"w":0.7993860244750977},"size":5.424338340759277,"orthographic":false}