{"cameraMode":{"drawMode":0,"name":"Shaded","section":"Shading Mode"},"sceneLighting":true,"audioPlay":false,"sceneViewState":{"m_AlwaysRefresh":false,"showFog":true,"showSkybox":true,"showFlares":true,"showImageEffects":true,"showParticleSystems":true,"showVisualEffectGraphs":true,"m_FxEnabled":true},"in2DMode":false,"pivot":{"x":1.4264816045761109,"y":0.9280765652656555,"z":-1.5827784538269044},"rotation":{"x":0.15275156497955323,"y":-0.5240417718887329,"z":0.09617210924625397,"w":0.8323453664779663},"size":0.2685960531234741,"orthographic":false}