{"cameraMode":{"drawMode":0,"name":"Shaded","section":"Shading Mode"},"sceneLighting":true,"audioPlay":false,"sceneViewState":{"m_AlwaysRefresh":false,"showFog":true,"showSkybox":true,"showFlares":true,"showImageEffects":true,"showParticleSystems":true,"showVisualEffectGraphs":true,"m_FxEnabled":true},"in2DMode":false,"pivot":{"x":8.590579986572266,"y":6.871408462524414,"z":29.151758193969728},"rotation":{"x":-0.03945894539356232,"y":-0.6813012361526489,"z":-0.036826085299253467,"w":0.7300108671188355},"size":2.6241774559020998,"orthographic":false}