{"cameraMode":{"drawMode":0,"name":"Shaded","section":"Shading Mode"},"sceneLighting":true,"audioPlay":false,"sceneViewState":{"m_AlwaysRefresh":false,"showFog":true,"showSkybox":true,"showFlares":true,"showImageEffects":true,"showParticleSystems":true,"showVisualEffectGraphs":true,"m_FxEnabled":true},"in2DMode":false,"pivot":{"x":4.365095615386963,"y":3.296412229537964,"z":-3.7922682762145998},"rotation":{"x":0.06133003532886505,"y":-0.5728901028633118,"z":0.04304755851626396,"w":0.8161998987197876},"size":1.6217944622039796,"orthographic":false}